<?xml version="1.0" encoding="utf-8"?>
<extension version="4.0" type="module" client="site" method="upgrade">
    <name>WhatsApp Button Module</name>
    <author>Grupos electrógenos Cádiz</author>
    <version>1.0.0</version>
    <description>Módulo para mostrar un botón de WhatsApp.</description>
    <files>
        <filename module="mod_whatsapp_button">mod_whatsapp_button.php</filename>
        <filename>index.html</filename>
        <filename>helper.php</filename>
        <filename>mod_whatsapp_button.xml</filename>
        <filename>tmpl/default.php</filename>
        <filename>tmpl/index.html</filename>
        <filename>images/index.html</filename>
        <filename>style.css</filename>
        <folder>tmpl</folder>
        <folder>images</folder>
    </files>
    <config>
        <fields name="params">
            <fieldset name="basic">
                <field 
                    name="phone_number" 
                    type="text" 
                    default="" 
                    label="Número de teléfono de WhatsApp"
                    description="Introduce el número de teléfono en formato internacional (Ej: +34 para España)." 
                />
            </fieldset>
        </fields>
    </config>
</extension>
